<!--COPY AND PASTE THIS OVER THE ASSAULTBAG PORTION OF YOUR CFGSPAWNABLETYPES.XML FILE-->

<type name="AssaultBag_Ttsko">
		<cargo preset="mixArmy" />
		<cargo preset="mixArmy" />
		<cargo preset="mixArmy" />
	</type>
	<type name="AssaultBag_Black">
		<cargo chance="0.1">
			<item name="BandageDressing" />
		</cargo>
		<cargo chance="0.2">
			<item name="IodineTincture" />
		</cargo>
		<cargo chance="0.2">
			<item name="IodineTincture" />
		</cargo>
		<cargo chance="0.2">
			<item name="IodineTincture" />
		</cargo>
		<cargo chance="0.2">
			<item name="TetracyclineAntibiotics" />
		</cargo>
		<cargo chance="0.1">
			<item name="VitaminBottle" />
		</cargo>
	</type>
	</type>
	<type name="AssaultBag_Green">
		<cargo preset="mixArmy" />
		<cargo preset="mixArmy" />
		<cargo preset="mixArmy" />
	</type>