<!--COPY AND PASTE THIS IN YOUR EVENTS.XML FILE-->

	<event name="ItemAssaultBag">
        <nominal>20</nominal>
        <min>10</min>
        <max>30</max>
        <lifetime>300</lifetime>
        <restock>0</restock>
        <saferadius>25</saferadius>
        <distanceradius>100</distanceradius>
        <cleanupradius>25</cleanupradius>
        <flags deletable="0" init_random="0" remove_damaged="1"/>
        <position>fixed</position>
        <limit>mixed</limit>
        <active>1</active>
        <children>
            <child lootmax="0" lootmin="0" max="10" min="5" type="AssaultBag_Black"/>
			<child lootmax="0" lootmin="0" max="10" min="5" type="AssaultBag_Green"/>
			<child lootmax="0" lootmin="0" max="10" min="5" type="AssaultBag_Ttsko"/>
        </children>
    </event>