<?xml version="1.0" encoding="UTF-8" standalone="yes"?>
<messages>
1) following message will be displayed to every player in countdown manner
    and shuts down server in 10 hours from its start

    <message>
        <deadline>120</deadline>
        <shutdown>1</shutdown>
        <countdown>5</countdown>
        <text>#name will shutdown in #tmin minutes.</text>
    </message>


2) following message will be displayed every 15 minutes to every player

    <message>
        <repeat>15</repeat>
        <text>You're playing on #name server. Thank you.</text>
    </message>
    
    
	<message>
        <repeat>30</repeat>
        <text>Happy Hunting!</text>
    </message>


3) following message will be displayed every 50 minutes to every player
    and 10 minutes after player connect

    <message>
        <delay>10</delay>
        <repeat>50</repeat>
        <onconnect>1</onconnect>
        <text>Stay Alive! </text>
    </message>


4) following message will be displayed once
    and 2 minutes after player connect

    <message>
        <delay>2</delay>
        <onconnect>1</onconnect>
        <text>Welcome to my #name server!</text>
    </message>

</messages>
