<?xml version="1.0" encoding="UTF-8"?>
<!-- This file should be copied into your DB folder -->
<spawnabletypes>
   <damage min="0.1" max="0.1" />
   
   <type name="Truck_01_Covered_Orange">
		<attachments chance="1.00">
			<item name="Truck_01_Wheel" chance="1.00" />
		</attachments>
		<attachments chance="1.00">
			<item name="Truck_01_Wheel" chance="1.00" />
		</attachments>
		<attachments chance="1.00">
			<item name="Truck_01_Wheel" chance="1.00" />
		</attachments>
		<attachments chance="1.00">
			<item name="Truck_01_Wheel" chance="1.00" />
		</attachments>
		<attachments chance="1.00">
			<item name="Truck_01_WheelDouble" chance="1.00" />
		</attachments>
		<attachments chance="1.00">
			<item name="Truck_01_WheelDouble" chance="1.00" />
		</attachments>
		<attachments chance="1.00">
			<item name="Truck_01_WheelDouble" chance="1.00" />
		</attachments>
		<attachments chance="1.00">
			<item name="Truck_01_WheelDouble" chance="1.00" />
		</attachments>
		<attachments chance="1.00">
			<item name="TruckBattery" chance="1.00" />
		</attachments>
		<attachments chance="1.00">
			<item name="HeadlightH7" chance="1.00" />
		</attachments>
		<attachments chance="1.00">
			<item name="HeadlightH7" chance="1.00" />
		</attachments>
		<attachments chance="1.00">
			<item name="Truck_01_Hood_Orange" chance="1.00" />
		</attachments>
		<attachments chance="1.00">
			<item name="Truck_01_Door_1_1_Orange" chance="1.00" />
		</attachments>
		<attachments chance="1.00">
			<item name="Truck_01_Door_2_1_Orange" chance="1.00" />
		</attachments>
		<attachments chance="1.00">
			<item name="WoodenCrate" chance="1.00" />
		</attachments>
		<attachments chance="1.00">
			<item name="WoodenCrate" chance="1.00" />
		</attachments>
		<attachments chance="1.00">
			<item name="WoodenCrate" chance="1.00" />
		</attachments>
		<attachments chance="1.00">
			<item name="WoodenCrate" chance="1.00" />
		</attachments>
		<attachments chance="1.00">
			<item name="CanisterGasoline" chance="1.00" />
		</attachments>
		<attachments chance="1.00">
			<item name="CanisterGasoline" chance="1.00" />
		</attachments>
		<attachments chance="1.00">
			<item name="PlateCarrierVest" chance="1.00" />
		</attachments>
		<attachments chance="1.00">
			<item name="PlateCarrierVest" chance="1.00" />
		</attachments>
		<attachments chance="1.00">
			<item name="NVGoggles" chance="1.00" />
		</attachments>
		<attachments chance="1.00">
			<item name="NVGoggles" chance="1.00" />
		</attachments>
		<attachments chance="1.00">
			<item name="NVGHeadstrap" chance="1.00" />
		</attachments>
		<attachments chance="1.00">
			<item name="NVGHeadstrap" chance="1.00" />
		</attachments>
		<attachments chance="1.00">
			<item name="ASVAL" chance="1.00" />
		</attachments>
		<attachments chance="1.00">
			<item name="ACOGOptic" chance="1.00" />
		</attachments>
		<attachments chance="1.00">
			<item name="Mag_VAL_20Rnd" chance="1.00" />
		</attachments>
		<attachments chance="1.00">
			<item name="Mag_VAL_20Rnd" chance="1.00" />
		</attachments>
		<attachments chance="1.00">
			<item name="SVD" chance="1.00" />
		</attachments>
		<attachments chance="1.00">
			<item name="PSO11Optic" chance="1.00" />
		</attachments>
		<attachments chance="1.00">
			<item name="Mag_SVD_10Rnd" chance="1.00" />
		</attachments>
		<attachments chance="1.00">
			<item name="Mag_SVD_10Rnd" chance="1.00" />
		</attachments>
		<attachments chance="1.00">
			<item name="Deagle" chance="1.00" />
		</attachments>
		<attachments chance="1.00">
			<item name="Mag_Deagle_9rnd" chance="1.00" />
		</attachments>
		<attachments chance="1.00">
			<item name="Mag_Deagle_9rnd" chance="1.00" />
		</attachments>
		<attachments chance="1.00">
			<item name="PistolSuppressor" chance="1.00" />
		</attachments>
		<attachments chance="1.00">
			<item name="M4A1" chance="1.00" />
		</attachments>
		<attachments chance="1.00">
			<item name="M4_OEBttstck" chance="1.00" />
		</attachments>
		<attachments chance="1.00">
			<item name="M4_PlasticHndgrd" chance="1.00" />
		</attachments>
		<attachments chance="1.00">
			<item name="ACOGOptic" chance="1.00" />
		</attachments>
		<attachments chance="1.00">
			<item name="Mag_STANAG_30Rnd" chance="1.00" />
		</attachments>
		<attachments chance="1.00">
			<item name="Mag_STANAG_30Rnd" chance="1.00" />
		</attachments>
		<attachments chance="1.00">
			<item name="FAL" chance="1.00" />
		</attachments>
		<attachments chance="1.00">
			<item name="Fal_FoldingBttstck" chance="1.00" />
		</attachments>
		<attachments chance="1.00">
			<item name="ACOGOptic" chance="1.00" />
		</attachments>
		<attachments chance="1.00">
			<item name="Mag_FAL_20Rnd" chance="1.00" />
		</attachments>
		<attachments chance="1.00">
			<item name="Mag_FAL_20Rnd" chance="1.00" />
		</attachments>
		<attachments chance="1.00">
			<item name="AK_Suppressor" chance="1.00" />
		</attachments>
		<attachments chance="1.00">
			<item name="AK_Suppressor" chance="1.00" />
		</attachments>
		<attachments chance="1.00">
			<item name="AK_Suppressor" chance="1.00" />
		</attachments>
		<attachments chance="1.00">
			<item name="AK_Suppressor" chance="1.00" />
		</attachments>
		<attachments chance="1.00">
			<item name="M4_Suppressor" chance="1.00" />
		</attachments>
		<attachments chance="1.00">
			<item name="M4_Suppressor" chance="1.00" />
		</attachments>
		<attachments chance="1.00">
			<item name="M4_Suppressor" chance="1.00" />
		</attachments>
		<attachments chance="1.00">
			<item name="M4_Suppressor" chance="1.00" />
		</attachments>
		<attachments chance="1.00">
			<item name="LandMineTrap" chance="1.00" />
		</attachments>
		<attachments chance="1.00">
			<item name="LandMineTrap" chance="1.00" />
		</attachments>
		<attachments chance="1.00">
			<item name="M67Grenade" chance="1.00" />
		</attachments>
		<attachments chance="1.00">
			<item name="M67Grenade" chance="1.00" />
		</attachments>
		<attachments chance="1.00">
			<item name="TetracyclineAntibiotics" chance="1.00" />
		</attachments>
		<attachments chance="1.00">
			<item name="TetracyclineAntibiotics" chance="1.00" />
		</attachments>
		<attachments chance="1.00">
			<item name="PurificationTablets" chance="1.00" />
		</attachments>
		<attachments chance="1.00">
			<item name="PurificationTablets" chance="1.00" />
		</attachments>
		<attachments chance="1.00">
			<item name="CharcoalTablets" chance="1.00" />
		</attachments>
		<attachments chance="1.00">
			<item name="CharcoalTablets" chance="1.00" />
		</attachments>
		<attachments chance="1.00">
			<item name="PainkillerTablets" chance="1.00" />
		</attachments>
		<attachments chance="1.00">
			<item name="PainkillerTablets" chance="1.00" />
		</attachments>
		<attachments chance="1.00">
			<item name="Morphine" chance="1.00" />
		</attachments>
		<attachments chance="1.00">
			<item name="Morphine" chance="1.00" />
		</attachments>
			<attachments chance="1.00">
			<item name="Epinephrine" chance="1.00" />
		</attachments>
		<attachments chance="1.00">
			<item name="Epinephrine" chance="1.00" />
		</attachments>
		<attachments chance="1.00">
			<item name="NailBox" chance="1.00" />
		</attachments>
		<attachments chance="1.00">
			<item name="NailBox" chance="1.00" />
		</attachments>
		<attachments chance="1.00">
			<item name="NailBox" chance="1.00" />
		</attachments>
		<attachments chance="1.00">
			<item name="NailBox" chance="1.00" />
		</attachments>
		<attachments chance="1.00">
			<item name="NailBox" chance="1.00" />
		</attachments>
		<attachments chance="1.00">
			<item name="NailBox" chance="1.00" />
		</attachments>
		<attachments chance="1.00">
			<item name="Hammer" chance="1.00" />
		</attachments>
		<attachments chance="1.00">
			<item name="Shovel" chance="1.00" />
		</attachments>
		<attachments chance="1.00">
			<item name="Pliers" chance="1.00" />
		</attachments>
		<attachments chance="1.00">
			<item name="MetalWire" chance="1.00" />
		</attachments>
		<attachments chance="1.00">
			<item name="Rope" chance="1.00" />
		</attachments>
		<attachments chance="1.00">
			<item name="Rope" chance="1.00" />
		</attachments>
		<attachments chance="1.00">
			<item name="DuctTape" chance="1.00" />
		</attachments>
		<attachments chance="1.00">
			<item name="DuctTape" chance="1.00" />
		</attachments>
		<attachments chance="1.00">
			<item name="Whetstone" chance="1.00" />
		</attachments>
		<attachments chance="1.00">
			<item name="Whetstone" chance="1.00" />
		</attachments>
		<attachments chance="1.00">
			<item name="CombinationLock4" chance="1.00" />
		</attachments>
		<attachments chance="1.00">
			<item name="CombinationLock4" chance="1.00" />
		</attachments>
		<attachments chance="1.00">
			<item name="WorkingGloves_Black" chance="1.00" />
		</attachments>
		<attachments chance="1.00">
			<item name="HandSaw" chance="1.00" />
		</attachments>
		<attachments chance="1.00">
			<item name="WoodAxe" chance="1.00" />
		</attachments>
		<attachments chance="1.00">
			<item name="Pickaxe" chance="1.00" />
		</attachments>
		<attachments chance="1.00">
			<item name="Hatchet" chance="1.00" />
		</attachments>
		<attachments chance="1.00">
			<item name="LargeTent" chance="1.00" />
		</attachments>
		<attachments chance="1.00">
			<item name="HuntingKnife" chance="1.00" />
		</attachments>
		<attachments chance="1.00">
			<item name="SledgeHammer" chance="1.00" />
		</attachments>
		<attachments chance="1.00">
			<item name="EasterEgg" chance="1.00" />
		</attachments>
		<attachments chance="1.00">
			<item name="TacticalBaconCan" chance="1.00" />
		</attachments>
		<attachments chance="1.00">
			<item name="TacticalBaconCan" chance="1.00" />
		</attachments>
		<attachments chance="1.00">
			<item name="SodaCan_Kvass" chance="1.00" />
		</attachments>
		<attachments chance="1.00">
			<item name="SodaCan_Kvass" chance="1.00" />
		</attachments>
		<attachments chance="1.00">
			<item name="Battery9V" chance="1.00" />
		</attachments>
		<attachments chance="1.00">
			<item name="Battery9V" chance="1.00" />
		</attachments>
		<attachments chance="1.00">
			<item name="TireRepairKit" chance="1.00" />
		</attachments>
		<attachments chance="1.00">
			<item name="LugWrench" chance="1.00" />
		</attachments>
		<attachments chance="1.00">
			<item name="EpoxyPutty" chance="1.00" />
		</attachments>
		<attachments chance="1.00">
			<item name="AmmoBox_308WinTracer_20Rnd" chance="1.00" />
		</attachments>
		<attachments chance="1.00">
			<item name="AmmoBox_308WinTracer_20Rnd" chance="1.00" />
		</attachments>
			<attachments chance="1.00">
			<item name="AmmoBox_357_20Rnd" chance="1.00" />
		</attachments>
		<attachments chance="1.00">
			<item name="AmmoBox_357_20Rnd" chance="1.00" />
		</attachments>
		<attachments chance="1.00">
			<item name="AmmoBox_545x39Tracer_20Rnd" chance="1.00" />
		</attachments>
		<attachments chance="1.00">
			<item name="AmmoBox_545x39Tracer_20Rnd" chance="1.00" />
		</attachments>
		<attachments chance="1.00">
			<item name="AmmoBox_556x45Tracer_20Rnd" chance="1.00" />
		</attachments>
		<attachments chance="1.00">
			<item name="AmmoBox_556x45Tracer_20Rnd" chance="1.00" />
		</attachments>
			<attachments chance="1.00">
			<item name="AmmoBox_762x39Tracer_20Rnd" chance="1.00" />
		</attachments>
		<attachments chance="1.00">
			<item name="AmmoBox_762x39Tracer_20Rnd" chance="1.00" />
		</attachments>
		<attachments chance="1.00">
			<item name="AmmoBox_9x39_20Rnd" chance="1.00" />
		</attachments>
		<attachments chance="1.00">
			<item name="AmmoBox_9x39_20Rnd" chance="1.00" />
		</attachments>
		<attachments chance="1.00">
			<item name="Mag_AKM_Drum75Rnd" chance="1.00" />
		</attachments>
		<attachments chance="1.00">
			<item name="Mag_AKM_Drum75Rnd" chance="1.00" />
		</attachments>
		<attachments chance="1.00">
			<item name="Mag_Saiga_Drum20Rnd" chance="1.00" />
		</attachments>
		<attachments chance="1.00">
			<item name="Mag_Saiga_Drum20Rnd" chance="1.00" />
		</attachments>
		<attachments chance="1.00">
			<item name="WeaponCleaningKit" chance="1.00" />
		</attachments>
		<attachments chance="1.00">
			<item name="WeaponCleaningKit" chance="1.00" />
		</attachments>
	</type>
   
   
   
   </spawnabletypes>