<?xml version="1.0" encoding="UTF-8" standalone="yes"?>
<!-- This file should be copied into your DB folder -->
<events>
<event name="VehicleTruck01">
        <nominal>90</nominal>
        <min>80</min>
        <max>100</max>
        <lifetime>300</lifetime>
        <restock>0</restock>
        <saferadius>500</saferadius>
        <distanceradius>500</distanceradius>
        <cleanupradius>200</cleanupradius>
        <flags deletable="0" init_random="0" remove_damaged="1"/>
        <position>fixed</position>
        <limit>mixed</limit>
        <active>1</active>
        <children>
            <child lootmax="0" lootmin="0" max="5" min="3" type="Truck_01_Covered"/>
            <child lootmax="0" lootmin="0" max="5" min="3" type="Truck_01_Covered_Blue"/>
            <!-- <child lootmax="0" lootmin="0" max="5" min="3" type="Truck_01_Covered_Orange"/> -->
        </children>
    </event>
	<event name="VehicleTruckTrader">
        <nominal>1</nominal>
        <min>1</min>
        <max>1</max>
        <lifetime>300</lifetime>
        <restock>0</restock>
        <saferadius>500</saferadius>
        <distanceradius>500</distanceradius>
        <cleanupradius>200</cleanupradius>
        <flags deletable="0" init_random="0" remove_damaged="1"/>
        <position>fixed</position>
        <limit>mixed</limit>
        <active>1</active>
        <children>
            <!-- <child lootmax="0" lootmin="0" max="45" min="40" type="Truck_01_Covered"/>
            <child lootmax="0" lootmin="0" max="45" min="40" type="Truck_01_Covered_Blue"/> -->
            <child lootmax="0" lootmin="0" max="1" min="1" type="Truck_01_Covered_Orange"/>
        </children>
	</event>

</events>
