<?xml version="1.0" encoding="UTF-8" standalone="yes"?>
<playerspawnpoints>
    <fresh>
        <spawn_params>
            <min_dist_infected>30</min_dist_infected>
            <max_dist_infected>70</max_dist_infected>
            <min_dist_player>65</min_dist_player>
            <max_dist_player>150</max_dist_player>
            <min_dist_static>0</min_dist_static>
            <max_dist_static>2</max_dist_static>
        </spawn_params>
        <generator_params>
            <grid_density>4</grid_density>
            <grid_width>200</grid_width>
            <grid_height>200</grid_height>
            <min_dist_static>0</min_dist_static>
            <max_dist_static>2</max_dist_static>
            <min_steepness>-45</min_steepness>
            <max_steepness>45</max_steepness>
        </generator_params>
        <group_params>
            <enablegroups>false</enablegroups>
            <groups_as_regular>true</groups_as_regular>
            <lifetime>360</lifetime>
            <counter>-1</counter>
        </group_params>
		<generator_posbubbles>
             <pos x="6374.00" z="7682.27" />
        </generator_posbubbles>
    </fresh>
    <hop>
        <spawn_params>
            <min_dist_infected>30.0</min_dist_infected>
            <max_dist_infected>70.0</max_dist_infected>
            <min_dist_player>25.0</min_dist_player>
            <max_dist_player>70.0</max_dist_player>
            <min_dist_static>0.5</min_dist_static>
            <max_dist_static>2.0</max_dist_static>
        </spawn_params>
        <generator_params>
            <grid_density>4</grid_density>
            <grid_width>150</grid_width>
            <grid_height>150</grid_height>
            <min_dist_static>0</min_dist_static>
            <max_dist_static>2</max_dist_static>
            <min_steepness>-45</min_steepness>
            <max_steepness>45</max_steepness>
        </generator_params>
	</hop>
    <travel>
        <spawn_params>
            <min_dist_infected>30.0</min_dist_infected>
            <max_dist_infected>70.0</max_dist_infected>
            <min_dist_player>25.0</min_dist_player>
            <max_dist_player>70.0</max_dist_player>
            <min_dist_static>0.5</min_dist_static>
            <max_dist_static>2.0</max_dist_static>
        </spawn_params>
       <generator_params>
            <grid_density>4</grid_density>
            <grid_width>150</grid_width>
            <grid_height>150</grid_height>
            <min_dist_static>0</min_dist_static>
            <max_dist_static>2</max_dist_static>
            <min_steepness>-45</min_steepness>
            <max_steepness>45</max_steepness>
        </generator_params>
        <group_params>
            <enablegroups>false</enablegroups>
            <groups_as_regular>true</groups_as_regular>
            <lifetime>360</lifetime>
            <counter>-1</counter>
        </group_params>
    </travel>
</playerspawnpoints>